id,firs_name,last_name,email,gender,date_of_birth,account_balance
1,Amandy,Gherardesci,agherardesci0@virginia.edu,Female,2/6/1962,828727.25
2,Dionysus,Wyllie,dwyllie1@webs.com,Agender,11/26/2014,886661.71
3,Jefferey,Burgh,jburgh2@123-reg.co.uk,Male,5/21/1941,137313.85
4,Luella,Hannond,lhannond3@tumblr.com,Female,2/25/1968,126316.49
5,Randi,Hebborne,rhebborne4@angelfire.com,Female,9/2/1991,895511.22
6,Nancie,Clougher,nclougher5@cbsnews.com,Female,5/6/1986,624378.74
7,Roland,Stoate,rstoate6@prlog.org,Male,9/1/2024,749294.29
8,Rube,Simnett,rsimnett7@about.com,Male,2/26/2008,394679.2
9,Cheri,MacMenamie,cmacmenamie8@msu.edu,Female,12/21/1939,803354.27
10,Gasper,Brittain,gbrittain9@ifeng.com,Male,6/11/1970,605771.37
11,Yardley,Kurten,ykurtena@irs.gov,Male,1/29/1934,954408.72
12,Kasey,Threadkell,kthreadkellb@deliciousdays.com,Female,1/6/1974,545658.83
13,Maisie,Currell,mcurrellc@lulu.com,Female,7/27/2023,817804.71
14,Else,Coxhead,ecoxheadd@msu.edu,Female,2/16/1953,361753.36
15,Dalli,Fieldstone,dfieldstonee@odnoklassniki.ru,Male,8/26/1980,810677.19
16,Kacy,Riddall,kriddallf@china.com.cn,Female,7/3/1979,500437.04
17,Powell,Peegrem,ppeegremg@ovh.net,Male,10/14/1934,755459.64
18,Martita,McQuaide,mmcquaideh@seesaa.net,Female,4/14/1995,274949.28
19,Delbert,Langeley,dlangeleyi@e-recht24.de,Male,5/10/2001,33324.25
20,Domenic,Hargerie,dhargeriej@discovery.com,Male,7/21/2012,188780.51
21,Phylis,Roddy,proddyk@istockphoto.com,Female,4/1/1978,304823.57
22,Lind,Sellner,lsellnerl@clickbank.net,Bigender,6/1/1947,813152.66
23,Batholomew,Dossett,bdossettm@tumblr.com,Male,11/20/1965,56101.33
24,Vassily,Hazelby,vhazelbyn@exblog.jp,Male,3/16/1977,727303.97
25,Bill,Gallop,bgallopo@istockphoto.com,Female,7/29/1975,692563.09
26,Granny,Vellden,gvelldenp@liveinternet.ru,Male,9/7/1943,321964.36
27,Waverly,Beushaw,wbeushawq@cbslocal.com,Male,2/2/1945,841733.29
28,Briana,Gilardengo,bgilardengor@house.gov,Female,8/12/1977,203145.59
29,Mendy,Pettus,mpettuss@nymag.com,Male,9/2/2007,560605.63
30,Zorah,Andreasen,zandreasent@discovery.com,Female,8/8/1944,489471.54
31,Graeme,Yakubov,gyakubovu@bbb.org,Male,5/26/1949,817141.69
32,Margarette,Brereton,mbreretonv@infoseek.co.jp,Female,2/10/1976,74090.27
33,Seka,Toten,stotenw@walmart.com,Agender,2/17/1994,665825.53
34,Flor,Realy,frealyx@issuu.com,Female,11/30/2022,867005.78
35,Faina,Swinfen,fswinfeny@bing.com,Female,11/7/1935,763900.67
36,Mac,Mauser,mmauserz@columbia.edu,Male,1/24/1942,194866.5
37,Zebulen,Giovani,zgiovani10@ebay.co.uk,Male,7/19/1957,742980.22
38,Albert,Mortell,amortell11@soundcloud.com,Male,12/11/1978,216201.99
39,Virgie,Dalziel,vdalziel12@forbes.com,Male,11/10/1935,650370.52
40,Ursola,Jacobi,ujacobi13@npr.org,Female,4/24/1962,73324.47
41,Myranda,Olle,molle14@dropbox.com,Female,7/23/2003,726711.02
42,Glenden,Ghioni,gghioni15@1688.com,Male,2/20/1950,24990.01
43,Ellene,Le Guin,eleguin16@google.co.uk,Female,12/2/2020,640153.42
44,Nilson,Exon,nexon17@diigo.com,Male,11/22/1954,302911.63
45,Cassius,Axston,caxston18@tamu.edu,Male,3/26/1969,482437.11
46,Marcy,Loughead,mloughead19@example.com,Female,9/10/1938,248284.2
47,Katerine,Daniely,kdaniely1a@tmall.com,Female,11/25/1945,644179.92
48,Caz,Launchbury,claunchbury1b@mtv.com,Male,6/24/1939,954718.78
49,Bettina,Olifard,bolifard1c@hhs.gov,Female,2/9/1953,568708.58
50,Lynnelle,Stace,lstace1d@soundcloud.com,Female,10/26/2013,30673.59
51,Dilly,Conboy,dconboy1e@hhs.gov,Male,1/20/1964,987115.1
52,Addie,Buncombe,abuncombe1f@loc.gov,Male,4/17/1948,832983.74
53,Dahlia,Power,dpower1g@bbc.co.uk,Female,11/23/1959,314888.58
54,Rolf,Lillegard,rlillegard1h@weibo.com,Male,7/7/1974,680914.86
55,Ewan,Battison,ebattison1i@dyndns.org,Male,2/25/1957,269574.66
56,Francisco,Szreter,fszreter1j@taobao.com,Male,1/26/1978,456221.4
57,Saxe,Fabri,sfabri1k@dailymail.co.uk,Non-binary,1/21/1942,65968.85
58,Gibby,Humphery,ghumphery1l@marketwatch.com,Male,9/22/1998,373953.92
59,Dill,D'Ruel,ddruel1m@huffingtonpost.com,Male,8/12/1952,767403.56
60,Martelle,Saw,msaw1n@sakura.ne.jp,Female,9/29/1943,238232.91
61,Vinnie,Stoakes,vstoakes1o@squarespace.com,Male,6/10/2004,433885.12
62,Merrel,Rembrant,mrembrant1p@bing.com,Male,3/19/1989,616075.13
63,Verile,Iskow,viskow1q@blinklist.com,Female,10/16/1968,42814.71
64,Russell,Peckham,rpeckham1r@samsung.com,Male,2/25/1944,265671.87
65,Florri,Featherston,ffeatherston1s@sakura.ne.jp,Female,11/12/1990,381815.47
66,Berty,Maine,bmaine1t@altervista.org,Male,8/8/1937,767.23
67,Natal,Colclough,ncolclough1u@sun.com,Male,6/1/1948,474007.28
68,Gael,Pien,gpien1v@ebay.co.uk,Male,5/27/1976,855946.53
69,Anatole,Shingles,ashingles1w@state.gov,Male,2/12/1959,454905.01
70,Almire,Lehrer,alehrer1x@patch.com,Female,3/1/1975,714044.14
71,Woodman,Soule,wsoule1y@ca.gov,Male,4/21/1937,267981.82
72,Salvidor,Randal,srandal1z@nps.gov,Male,7/22/2009,216514.89
73,Pammie,Pedrol,ppedrol20@theglobeandmail.com,Female,9/30/1940,166936.31
74,Spense,Dawbery,sdawbery21@shop-pro.jp,Male,12/13/1974,710561.38
75,Meghan,Govenlock,mgovenlock22@lulu.com,Female,9/30/2013,558164.56
76,Karoly,Cestard,kcestard23@dedecms.com,Female,12/31/2011,242541.25
77,Jesse,Woollcott,jwoollcott24@ucoz.com,Male,10/10/1966,799081.39
78,Moe,Reinhard,mreinhard25@wikipedia.org,Male,3/31/1960,313780.9
79,Georgianne,Steutly,gsteutly26@ibm.com,Agender,3/10/2023,557125.22
80,Marielle,Oganesian,moganesian27@paginegialle.it,Female,7/16/1962,861800.71
81,Reina,Oganian,roganian28@squarespace.com,Female,3/8/2004,562142.96
82,Celle,Liversedge,cliversedge29@tmall.com,Female,4/1/1974,328867.42
83,Lay,Robley,lrobley2a@sohu.com,Male,2/21/2006,512063.71
84,Estevan,Cardow,ecardow2b@prweb.com,Male,7/3/1947,486818.32
85,Georgeanna,Rosenhaupt,grosenhaupt2c@constantcontact.com,Female,5/26/1934,152583.72
86,Madelena,Turnbull,mturnbull2d@europa.eu,Genderqueer,8/29/1991,380150.64
87,Ansley,Golt,agolt2e@free.fr,Bigender,12/6/1965,292277.29
88,Kerk,Abbiss,kabbiss2f@va.gov,Male,7/28/1962,287002.23
89,Patrizia,Merrywether,pmerrywether2g@noaa.gov,Female,11/24/2013,416935.8
90,Lindsay,Shalliker,lshalliker2h@nymag.com,Male,1/31/2009,83662.04
91,Richart,Gail,rgail2i@nymag.com,Male,9/24/1962,582747.4
92,Maddie,Elliff,melliff2j@nps.gov,Female,7/31/2002,383146.08
93,Annecorinne,Prosek,aprosek2k@ucsd.edu,Female,6/13/2016,79076.08
94,Godfry,Pleager,gpleager2l@japanpost.jp,Male,8/10/1961,725902.68
95,Cathrin,McInnerny,cmcinnerny2m@newsvine.com,Female,10/29/1974,471684.34
96,Ingelbert,Bras,ibras2n@cornell.edu,Agender,2/28/2003,373083.49
97,Steffen,Garwood,sgarwood2o@gizmodo.com,Polygender,10/27/1982,520541.6
98,Krystyna,Oldcroft,koldcroft2p@usda.gov,Female,8/1/1950,964254.9
99,Marcia,Mocquer,mmocquer2q@clickbank.net,Female,6/23/1985,541873.72
100,Dolorita,Cristofalo,dcristofalo2r@amazon.com,Female,11/7/1999,980756.23
101,Cristy,Bidgood,cbidgood2s@nasa.gov,Female,10/27/1966,6213.25
102,Stacy,Farnaby,sfarnaby2t@auda.org.au,Bigender,9/10/2017,721853.6
103,Corenda,Mc-Kerley,cmckerley2u@usatoday.com,Female,3/12/1939,908392.87
104,Deeanne,Langland,dlangland2v@soundcloud.com,Female,9/20/1976,27655.85
105,Antonius,Bentham,abentham2w@buzzfeed.com,Male,10/21/1944,487251.4
106,Berty,Firmager,bfirmager2x@bigcartel.com,Female,8/6/2002,488591.33
107,Katuscha,Mangham,kmangham2y@patch.com,Female,7/20/1977,424873.2
108,Coralie,Angier,cangier2z@hatena.ne.jp,Female,8/20/1990,496501.23
109,Edyth,Clifforth,eclifforth30@netscape.com,Female,5/23/1992,545655.23
110,Farra,Fane,ffane31@cocolog-nifty.com,Female,2/28/2014,461593.2
111,Gay,Lemm,glemm32@mit.edu,Female,12/9/1957,465946.95
112,Justine,Vasenkov,jvasenkov33@nyu.edu,Female,9/6/1975,781338.36
113,Curr,Grogona,cgrogona34@dailymotion.com,Male,5/5/2010,237765.12
114,Brigham,Petracek,bpetracek35@vk.com,Male,8/26/1983,756051.52
115,Mackenzie,Milius,mmilius36@alexa.com,Male,1/23/2009,545759.99
116,Conny,Foley,cfoley37@goo.ne.jp,Female,2/17/1963,556473.57
117,Thea,Benitez,tbenitez38@opera.com,Female,9/16/2008,91632.46
118,Melissa,Chawkley,mchawkley39@amazon.co.jp,Female,5/23/1935,753248.6
119,Rand,O'Cleary,rocleary3a@myspace.com,Male,3/4/1947,888684.67
120,Farlee,Bramble,fbramble3b@hp.com,Male,11/28/1986,776694.81
121,Waylan,Lochrie,wlochrie3c@yahoo.co.jp,Male,11/9/1938,208252.25
122,Alister,Huby,ahuby3d@hc360.com,Male,7/4/1989,373848.29
123,Aland,Hegge,ahegge3e@wikimedia.org,Male,1/22/1960,518768.33
124,Brinna,St. Hill,bsthill3f@dot.gov,Female,2/13/1941,317413.14
125,Bronny,McEwan,bmcewan3g@amazon.com,Male,9/14/1947,432158.97
126,Freddie,Woodwing,fwoodwing3h@google.com,Female,11/27/1957,991651.49
127,Gideon,Divall,gdivall3i@nationalgeographic.com,Genderqueer,7/11/1953,739219.43
128,Letizia,Godar,lgodar3j@4shared.com,Female,2/5/2009,152264.98
129,Elenore,Von Brook,evonbrook3k@squarespace.com,Female,2/25/1978,922134.52
130,Kara-lynn,Benedict,kbenedict3l@sphinn.com,Female,4/23/2004,928717.89
131,Sterling,Van den Bosch,svandenbosch3m@businessinsider.com,Male,5/18/1942,725791.27
132,Audrey,Garrold,agarrold3n@ca.gov,Female,8/17/2012,856607.56
133,Warde,Zavattiero,wzavattiero3o@gnu.org,Male,12/4/1957,947393.96
134,Walther,Dufoure,wdufoure3p@discuz.net,Male,7/2/2006,973465.54
135,Zelma,Halgarth,zhalgarth3q@apache.org,Female,11/14/1980,90491.82
136,Merill,Noke,mnoke3r@ocn.ne.jp,Male,9/10/1965,31668.87
137,Felicle,Kellegher,fkellegher3s@uiuc.edu,Female,9/30/1941,352137.62
138,Ingmar,Baily,ibaily3t@ustream.tv,Male,8/19/1963,103475.19
139,Melantha,Ravenshear,mravenshear3u@youku.com,Female,12/31/1983,938264.61
140,Fraser,Godthaab,fgodthaab3v@goo.gl,Male,11/22/2019,503533.26
141,Amelie,Ayrton,aayrton3w@harvard.edu,Female,10/6/1983,39139.7
142,Dael,Eisikowitz,deisikowitz3x@google.es,Male,6/25/1969,976256.21
143,Ab,Tallant,atallant3y@mayoclinic.com,Male,7/27/2010,947980.43
144,Lynnea,Brahms,lbrahms3z@princeton.edu,Female,12/15/1963,284870.76
145,Hillel,Jacobssen,hjacobssen40@gov.uk,Male,2/3/1960,660649.88
146,Lindon,Cristofol,lcristofol41@studiopress.com,Male,10/16/2000,773445.17
147,Juana,Colebourne,jcolebourne42@google.com.br,Female,11/29/1969,488082.36
148,Seward,Betjeman,sbetjeman43@noaa.gov,Male,6/2/1961,159408.5
149,Penelopa,Blatchford,pblatchford44@vinaora.com,Female,6/24/1954,562753.03
150,Reinaldos,Autry,rautry45@bizjournals.com,Male,3/7/2012,41196.93
151,Koressa,Ruller,kruller46@hc360.com,Female,6/1/1965,105959.46
152,Tera,Skase,tskase47@elpais.com,Female,8/29/1971,566621.28
153,Jeth,Truett,jtruett48@amazon.com,Non-binary,9/23/2012,700312.28
154,Guillemette,Shawyer,gshawyer49@sina.com.cn,Female,3/3/1989,916745.61
155,Giuseppe,Clucas,gclucas4a@phpbb.com,Male,2/26/1969,577225.41
156,Ertha,Bellee,ebellee4b@sina.com.cn,Female,6/15/1941,742168.31
157,Dena,Addess,daddess4c@flavors.me,Female,9/19/1970,337843.95
158,Wenda,Teaser,wteaser4d@webs.com,Bigender,12/24/1934,785750.06
159,Leonardo,Colum,lcolum4e@bloglovin.com,Male,11/22/1987,337405.18
160,Honoria,Keerl,hkeerl4f@goo.ne.jp,Female,4/16/1996,77349.08
161,Bambi,Hellmer,bhellmer4g@fastcompany.com,Female,2/22/2003,499962.55
162,Jehu,Pinner,jpinner4h@eepurl.com,Male,9/8/1940,7949.83
163,Durward,Riddiford,driddiford4i@jalbum.net,Male,10/30/1997,629287.15
164,Kellen,Ferryn,kferryn4j@geocities.com,Male,10/8/1979,676668.93
165,Charlot,Reubel,creubel4k@acquirethisname.com,Female,7/5/1970,484701.52
166,Brianne,Corzon,bcorzon4l@microsoft.com,Polygender,7/18/2004,433218.38
167,Ruthanne,Pegg,rpegg4m@techcrunch.com,Female,10/21/1941,213816.56
168,Corbin,Blything,cblything4n@t-online.de,Male,7/22/2016,33553.4
169,Diana,Slowly,dslowly4o@ocn.ne.jp,Female,10/19/1957,239892.97
170,Athena,Schafer,aschafer4p@springer.com,Female,9/7/1941,714734.64
171,Karmen,Izzard,kizzard4q@npr.org,Female,7/23/2022,490544.3
172,Sue,Duerden,sduerden4r@ucoz.ru,Female,4/5/1945,586509.63
173,Geordie,Shire,gshire4s@shop-pro.jp,Male,4/29/2012,871214.09
174,Layton,Lailey,llailey4t@zdnet.com,Male,7/18/2014,95458.66
175,Germana,Foux,gfoux4u@rambler.ru,Female,8/31/1983,765700.77
176,Ninette,Armsden,narmsden4v@bbb.org,Female,4/2/2024,937571.4
177,Ophelie,Harburtson,oharburtson4w@webnode.com,Female,9/30/2000,218569.66
178,Olav,Petchell,opetchell4x@blogs.com,Male,7/14/1992,240243.67
179,Ellary,Pavolillo,epavolillo4y@feedburner.com,Male,6/25/1974,303829.18
180,Melvin,Whatman,mwhatman4z@symantec.com,Genderfluid,10/20/1974,448785.2
181,Etheline,Prigg,eprigg50@fc2.com,Female,12/26/1976,678110.51
182,Barn,Lintott,blintott51@auda.org.au,Male,9/13/1961,880262.89
183,Rayner,Ganter,rganter52@github.io,Male,1/26/1959,912508.45
184,Taber,Ivannikov,tivannikov53@admin.ch,Male,11/19/1943,453825.57
185,Karna,Wagg,kwagg54@ocn.ne.jp,Female,8/9/1980,347850.7
186,Monty,Prinn,mprinn55@sourceforge.net,Non-binary,4/6/1961,447294.57
187,Travus,Strippel,tstrippel56@cocolog-nifty.com,Male,1/15/1940,482531.12
188,Jami,Danzelman,jdanzelman57@comsenz.com,Non-binary,5/26/2000,462019.44
189,Rodi,Meadus,rmeadus58@ft.com,Female,1/17/2004,74281.84
190,Arty,Esposito,aesposito59@jalbum.net,Male,12/25/1943,277824.6
191,Falito,Cuff,fcuff5a@vimeo.com,Male,8/20/1938,477104.73
192,Beatrix,MacKerley,bmackerley5b@slideshare.net,Female,6/16/1995,822291.65
193,Franny,Gerrans,fgerrans5c@nymag.com,Male,5/21/2009,599333.43
194,Kippie,Trime,ktrime5d@europa.eu,Male,12/14/1978,351308.83
195,Gregorio,Rubra,grubra5e@china.com.cn,Male,5/9/2011,377871.06
196,Dal,Witz,dwitz5f@nasa.gov,Male,5/15/1977,700945.79
197,Gordon,Crocetti,gcrocetti5g@mysql.com,Male,1/14/2007,716623.29
198,Eziechiele,Mourton,emourton5h@opensource.org,Male,11/28/2017,584592.4
199,Elladine,Broz,ebroz5i@ebay.com,Female,7/28/1983,525701.32
200,Goldina,Munroe,gmunroe5j@ocn.ne.jp,Female,9/24/1972,322911.24
201,Prentiss,Hulle,phulle5k@addthis.com,Male,4/2/2013,695360.63
202,Wyndham,Atherley,watherley5l@blog.com,Male,11/28/1964,303190.04
203,Wini,Anniwell,wanniwell5m@example.com,Female,8/7/1976,403392.64
204,Marcelia,O'Donoghue,modonoghue5n@nifty.com,Female,4/11/1979,366049.67
205,Saleem,Sprake,ssprake5o@marriott.com,Agender,7/9/1968,657094.63
206,Carlee,Heugel,cheugel5p@bbc.co.uk,Female,10/5/1986,811199.51
207,Bibby,Claige,bclaige5q@boston.com,Female,12/30/2020,505049.53
208,Taylor,Caldicot,tcaldicot5r@clickbank.net,Male,2/4/2005,365325.37
209,Vergil,Dory,vdory5s@un.org,Male,12/4/1987,600446.15
210,Dalenna,Dymoke,ddymoke5t@gov.uk,Female,8/9/1998,516788.22
211,Oriana,Rosendahl,orosendahl5u@bbb.org,Female,2/7/1970,199454.27
212,Sybil,Saffer,ssaffer5v@businessweek.com,Female,5/21/1968,975342.7
213,Lilah,Ruff,lruff5w@mapy.cz,Female,7/13/2000,916203.04
214,Andrea,Strathearn,astrathearn5x@ning.com,Male,1/31/1966,703997.21
215,Bryna,Schwant,bschwant5y@photobucket.com,Female,11/29/1979,343342.66
216,Millie,Welton,mwelton5z@360.cn,Female,4/23/1992,141784.12
217,Nerti,Roughan,nroughan60@themeforest.net,Female,4/3/2021,860823.11
218,Francoise,Filippazzo,ffilippazzo61@fda.gov,Female,3/2/1998,614127.11
219,Whitaker,Quodling,wquodling62@shop-pro.jp,Male,11/24/1942,982976.71
220,Janith,de Grey,jdegrey63@plala.or.jp,Female,9/9/1941,718357.68
221,Norrie,Okill,nokill64@dot.gov,Female,5/17/1988,469591.73
222,Hetti,Place,hplace65@discovery.com,Female,12/3/2019,260345.59
223,Clarke,Falkner,cfalkner66@studiopress.com,Male,3/13/1979,603666.84
224,Izzy,Cabane,icabane67@reference.com,Male,7/3/1959,877150.08
225,Tandy,Rolfini,trolfini68@economist.com,Female,8/25/1944,404715.82
226,Ole,Halhead,ohalhead69@illinois.edu,Male,3/8/1967,776301.5
227,Roxanne,O'Mullaney,romullaney6a@hugedomains.com,Female,11/9/1977,839021.66
228,Ludwig,Nissle,lnissle6b@so-net.ne.jp,Male,7/8/2004,890719.58
229,Nola,Dorsett,ndorsett6c@tamu.edu,Non-binary,4/27/1961,623659.26
230,Odele,Swayland,oswayland6d@stumbleupon.com,Female,3/11/2019,541323.57
231,Arielle,Baal,abaal6e@slate.com,Female,12/4/1995,443958.25
232,Jimmy,Holdin,jholdin6f@gov.uk,Male,2/2/2020,669772.07
233,Evyn,Youens,eyouens6g@tripod.com,Male,6/6/1988,954071.51
234,Skipper,Gorstidge,sgorstidge6h@posterous.com,Male,8/20/1959,706802.64
235,Keith,Chinery,kchinery6i@bigcartel.com,Male,8/28/1984,293013.07
236,Konstanze,Twyford,ktwyford6j@independent.co.uk,Female,5/28/1947,336936.09
237,Kermy,Harradine,kharradine6k@w3.org,Male,5/30/2017,270520.58
238,Julius,Dixsee,jdixsee6l@usda.gov,Male,9/13/1939,990742.64
239,Dasie,Littefair,dlittefair6m@github.com,Female,6/9/1984,677809.3
240,Ibrahim,Mainds,imainds6n@earthlink.net,Male,5/11/2012,237795.46
241,Jodi,Massimi,jmassimi6o@msn.com,Male,12/17/2002,423653.08
242,Fionnula,Gregolotti,fgregolotti6p@bloglines.com,Female,8/26/1977,637619.01
243,Fidel,Klugman,fklugman6q@freewebs.com,Male,3/25/1941,531227.4
244,Irita,Simonitto,isimonitto6r@techcrunch.com,Female,9/17/2016,611482.32
245,Jolene,Kale,jkale6s@edublogs.org,Female,11/24/1952,992448.23
246,Clarke,Braxton,cbraxton6t@stanford.edu,Male,1/1/1976,486770.62
247,Cybil,Puddle,cpuddle6u@de.vu,Female,5/29/1955,423643.38
248,Tobias,Kimble,tkimble6v@fc2.com,Male,11/12/1982,198345.76
249,Pierette,Donisthorpe,pdonisthorpe6w@i2i.jp,Female,10/23/1949,436363.93
250,Wyatan,McElree,wmcelree6x@devhub.com,Male,5/1/2003,165838.91
251,Verile,Wrate,vwrate6y@accuweather.com,Female,12/16/1957,228107.22
252,Hartwell,Goss,hgoss6z@bluehost.com,Male,1/19/1940,691400.03
253,Pattie,Flagg,pflagg70@bizjournals.com,Male,2/28/1993,894731.32
254,Simeon,Courtois,scourtois71@ocn.ne.jp,Male,1/12/1999,757958.84
255,Corty,Skotcher,cskotcher72@ted.com,Male,6/18/1988,637966.59
256,Ase,Hatherley,ahatherley73@cbslocal.com,Male,5/21/1987,806545.65
257,Siobhan,Allwood,sallwood74@bloglines.com,Female,2/11/2012,593812.31
258,Lothaire,McGorman,lmcgorman75@unblog.fr,Male,6/20/1978,263542.57
259,Wat,Bastistini,wbastistini76@webnode.com,Male,8/12/1949,887784.38
260,Coraline,Moses,cmoses77@dot.gov,Agender,12/3/1944,158010.6
261,Barney,Ickovici,bickovici78@oakley.com,Male,10/4/1993,721224.4
262,Garreth,Reedick,greedick79@hao123.com,Male,7/16/1973,384450.02
263,Anthia,Fassum,afassum7a@typepad.com,Female,4/20/2005,311495.96
264,Zita,Coultass,zcoultass7b@blogspot.com,Female,4/8/1949,473140.81
265,Linea,Dudgeon,ldudgeon7c@stumbleupon.com,Female,11/16/1956,476430.72
266,Boot,Rennock,brennock7d@ted.com,Male,6/8/1948,682605.12
267,Eddie,Giacubbo,egiacubbo7e@skype.com,Female,12/22/1994,139581.16
268,Shayne,Jaffa,sjaffa7f@vk.com,Genderfluid,6/30/1974,633759.12
269,Rupert,Flescher,rflescher7g@studiopress.com,Male,3/23/2012,1206.82
270,Jenilee,Louthe,jlouthe7h@nymag.com,Female,12/19/2009,11204.62
271,Zacherie,Edgerton,zedgerton7i@ucla.edu,Male,4/24/1972,57124.27
272,Anson,Guiducci,aguiducci7j@marketwatch.com,Male,3/29/1958,51833.74
273,Shea,Pott,spott7k@amazon.co.jp,Male,3/22/1990,913633.16
274,Leslie,Danbrook,ldanbrook7l@sitemeter.com,Female,4/18/2004,375724.14
275,Aldo,Eastwell,aeastwell7m@liveinternet.ru,Male,3/11/2008,519553.31
276,Brock,Wennington,bwennington7n@hostgator.com,Male,11/6/2018,821995.08
277,Garreth,Klas,gklas7o@webs.com,Male,1/29/2003,996225.75
278,Garwin,Riddler,griddler7p@weibo.com,Male,9/30/1973,994579.64
279,Gregorius,McIlvenny,gmcilvenny7q@slideshare.net,Polygender,1/8/1962,914919.78
280,Sandie,Hubback,shubback7r@craigslist.org,Female,5/26/2020,496833.82
281,Barth,Saill,bsaill7s@joomla.org,Male,12/29/1973,265516.95
282,Hort,M'Quharg,hmquharg7t@redcross.org,Male,3/6/1977,838490.68
283,Laura,Linscott,llinscott7u@cdc.gov,Female,6/27/1998,351864.48
284,Francine,Fairhead,ffairhead7v@etsy.com,Female,9/3/1961,624660.17
285,Vanni,Titterell,vtitterell7w@wix.com,Polygender,10/30/1988,788299.28
286,Nathanil,Girardengo,ngirardengo7x@smh.com.au,Male,11/28/2005,572018.09
287,Kerstin,Cardew,kcardew7y@liveinternet.ru,Female,10/15/1996,926432.65
288,Wilfrid,Andrzej,wandrzej7z@pinterest.com,Male,6/23/2018,366065.74
289,Joseph,Grimley,jgrimley80@oracle.com,Male,4/19/1991,743737.94
290,Alonso,Tremolieres,atremolieres81@about.com,Male,11/13/1948,752602.6
291,Austin,Galpin,agalpin82@google.com.hk,Male,7/23/1995,401375.21
292,Astrid,Vedyasov,avedyasov83@umich.edu,Agender,7/5/1995,205666.67
293,Malia,Allin,mallin84@slashdot.org,Female,5/26/2008,172968.38
294,Giorgia,Goldis,ggoldis85@creativecommons.org,Female,10/5/1971,424763.56
295,Phebe,Blabie,pblabie86@booking.com,Female,11/8/2008,507808.88
296,Sophie,Rimmington,srimmington87@blogtalkradio.com,Female,8/4/1980,26696.75
297,Viva,Nucciotti,vnucciotti88@fda.gov,Female,12/23/1981,993640.86
298,Bartolomeo,Yoslowitz,byoslowitz89@amazon.co.jp,Male,3/28/2006,764195.29
299,Reg,Sunman,rsunman8a@paypal.com,Male,4/14/1939,631703.88
300,Steffen,Undrell,sundrell8b@dailymotion.com,Male,5/10/2008,324593.75
301,Salomi,Dowgill,sdowgill8c@wired.com,Female,7/27/1979,506943.05
302,Sampson,Brady,sbrady8d@ft.com,Male,2/1/1935,456868.93
303,Winfred,Cressar,wcressar8e@admin.ch,Male,10/16/1951,766384.74
304,Rodrick,Wicks,rwicks8f@kickstarter.com,Male,7/4/1935,706286.13
305,Stephenie,Mixworthy,smixworthy8g@moonfruit.com,Female,7/7/2002,844602.56
306,Jaynell,Aps,japs8h@de.vu,Female,4/2/1974,376611.57
307,Valene,Belcham,vbelcham8i@xrea.com,Female,4/2/1978,569006.06
308,Cyrill,Lackner,clackner8j@amazonaws.com,Male,10/13/2023,557405.87
309,Tobe,Bernardin,tbernardin8k@so-net.ne.jp,Male,4/13/1990,525301.08
310,Ian,Buckingham,ibuckingham8l@exblog.jp,Male,1/24/1985,844797.4
311,Nate,Godmar,ngodmar8m@disqus.com,Male,5/6/1983,716673.45
312,Cory,Eldrett,celdrett8n@vinaora.com,Male,2/17/2009,387360.57
313,Dana,Alwood,dalwood8o@free.fr,Female,7/20/1945,35914.22
314,Charline,Mumby,cmumby8p@yahoo.com,Female,8/29/1957,988695.52
315,Esdras,Van Der Walt,evanderwalt8q@zimbio.com,Male,10/20/2005,420032.88
316,Lorinda,Jamot,ljamot8r@yandex.ru,Female,3/1/1937,16087.4
317,Pam,Chominski,pchominski8s@xinhuanet.com,Female,9/28/1949,980442.0
318,Zonnya,Ovens,zovens8t@youtu.be,Female,11/20/1947,181367.97
319,Kiri,Posten,kposten8u@goodreads.com,Female,5/27/1974,420562.04
320,Lucas,Aldrich,laldrich8v@example.com,Male,6/17/1964,844241.27
321,Ertha,Bechley,ebechley8w@ustream.tv,Female,4/28/1967,845512.48
322,Toddie,Staddom,tstaddom8x@cmu.edu,Male,6/17/1992,769540.62
323,Bride,Quinet,bquinet8y@ca.gov,Female,12/16/1941,871999.63
324,Chicky,Gostyke,cgostyke8z@wp.com,Female,11/27/1965,180249.47
325,Forbes,Ickovici,fickovici90@tmall.com,Male,2/11/2024,72053.86
326,Brigg,Pellingar,bpellingar91@mysql.com,Polygender,7/17/1977,596575.52
327,Wake,Lashmore,wlashmore92@ameblo.jp,Male,8/27/2012,746894.25
328,Sherwood,Wildblood,swildblood93@go.com,Male,1/30/1993,291443.75
329,Katha,Danielian,kdanielian94@github.io,Female,9/2/1936,423737.51
330,Pamelina,Heimes,pheimes95@nymag.com,Female,7/28/1990,651828.23
331,Giorgia,D'Oyley,gdoyley96@google.co.uk,Female,6/29/1983,847804.0
332,Dollie,Guierre,dguierre97@purevolume.com,Female,9/6/1957,625108.75
333,Brandy,Barnfield,bbarnfield98@tumblr.com,Male,10/6/1987,471727.58
334,Winnie,Snarie,wsnarie99@posterous.com,Female,1/27/1944,387766.97
335,Elias,Yardy,eyardy9a@tmall.com,Male,4/16/2014,583366.28
336,Kean,Josefsson,kjosefsson9b@deliciousdays.com,Male,12/26/1974,968116.75
337,Saunders,MacGillicuddy,smacgillicuddy9c@printfriendly.com,Male,3/31/1949,848424.79
338,Fabio,Iacovaccio,fiacovaccio9d@cnn.com,Male,1/1/1984,289832.24
339,Adolphus,Ladbrooke,aladbrooke9e@edublogs.org,Genderqueer,3/21/2024,917920.1
340,Solly,Brimley,sbrimley9f@hud.gov,Male,2/11/1948,926104.44
341,Courtenay,Giacubo,cgiacubo9g@scribd.com,Female,5/28/1943,757514.79
342,Gena,Jonke,gjonke9h@parallels.com,Female,8/16/1978,696903.37
343,Kylynn,De Mico,kdemico9i@ezinearticles.com,Female,10/9/1956,249991.92
344,Jerome,Pether,jpether9j@vimeo.com,Male,2/9/2002,201090.88
345,Mata,Krysztofowicz,mkrysztofowicz9k@sbwire.com,Male,11/5/1956,344180.42
346,Homer,Sowrah,hsowrah9l@uol.com.br,Male,4/9/1942,876025.54
347,Jocelyne,Bulled,jbulled9m@com.com,Female,7/5/2021,363561.5
348,Sukey,Gapp,sgapp9n@gmpg.org,Female,4/2/2020,261289.05
349,Sonnnie,Elix,selix9o@aol.com,Female,2/20/1982,240261.3
350,Stacy,Goncalo,sgoncalo9p@gizmodo.com,Male,7/31/2004,408948.83
351,Danell,Lodford,dlodford9q@blogtalkradio.com,Female,10/14/1970,872594.92
352,Jules,McCloid,jmccloid9r@nih.gov,Male,5/17/1958,453679.42
353,Clementia,Lain,clain9s@booking.com,Female,2/16/2008,27408.51
354,Brand,Ormston,bormston9t@senate.gov,Male,11/20/1990,392410.81
355,Ashlin,MacMaykin,amacmaykin9u@go.com,Agender,10/15/1981,692213.44
356,Lief,Ilyukhov,lilyukhov9v@discovery.com,Male,12/16/2007,799609.87
357,Pernell,Giacomucci,pgiacomucci9w@businesswire.com,Male,12/26/1991,822728.88
358,Candice,Wabersich,cwabersich9x@plala.or.jp,Female,11/7/1961,649335.06
359,Zachariah,Niemiec,zniemiec9y@histats.com,Male,3/13/1989,310226.47
360,Elvira,Darnbrough,edarnbrough9z@yale.edu,Female,11/27/1994,907834.11
361,Jeffie,Van den Velde,jvandenveldea0@buzzfeed.com,Male,5/8/1990,77409.36
362,Barnard,Dot,bdota1@multiply.com,Male,1/1/1999,809172.86
363,Harmonia,Sneezem,hsneezema2@alexa.com,Female,3/2/1985,138285.33
364,Corny,Whorf,cwhorfa3@163.com,Male,10/31/2015,504977.37
365,Moses,Gussin,mgussina4@wiley.com,Male,12/25/1961,259794.97
366,Hubey,Wozencraft,hwozencrafta5@instagram.com,Male,8/4/1966,229293.23
367,Dougie,Uden,dudena6@prnewswire.com,Male,4/16/1955,687744.54
368,Woody,Snoding,wsnodinga7@scientificamerican.com,Agender,8/22/1993,682917.37
369,Hasty,Linford,hlinforda8@lulu.com,Genderfluid,11/3/2019,136889.2
370,Cristabel,Wearne,cwearnea9@yahoo.com,Female,2/6/2018,756408.02
371,Fredericka,Kitcatt,fkitcattaa@imdb.com,Female,10/30/2015,15664.55
372,Lorine,Shoveller,lshovellerab@scientificamerican.com,Female,7/14/1963,740557.76
373,Marley,Conaboy,mconaboyac@scribd.com,Female,4/16/1936,460021.34
374,Kelly,Bick,kbickad@vkontakte.ru,Male,4/28/1953,832117.36
375,Estell,Westcar,ewestcarae@paginegialle.it,Female,6/26/2023,56673.62
376,Maxwell,Muehle,mmuehleaf@unblog.fr,Male,11/20/1998,967825.4
377,Claudie,Indge,cindgeag@sciencedirect.com,Female,1/29/2006,815633.32
378,Henriette,Petrolli,hpetrolliah@wiley.com,Female,5/2/2013,602731.93
379,Dewain,Bonsey,dbonseyai@home.pl,Male,6/2/1944,883516.24
380,Kalle,Mundwell,kmundwellaj@clickbank.net,Male,7/9/1945,838816.03
381,Tammie,Crossfield,tcrossfieldak@shareasale.com,Male,8/9/1948,915212.68
382,Bernadina,Perch,bperchal@tinypic.com,Female,9/3/1976,877239.63
383,Jocelyn,Scholl,jschollam@lycos.com,Female,6/2/1983,570065.36
384,Thom,Froude,tfroudean@tiny.cc,Polygender,12/11/1934,331137.42
385,Duky,Tissell,dtissellao@google.com.au,Male,6/22/1954,341033.05
386,Sybila,Jost,sjostap@businessweek.com,Female,3/25/2017,712470.67
387,Vita,Gouge,vgougeaq@redcross.org,Bigender,2/4/1989,846439.53
388,Issi,Gherarducci,igherarducciar@youku.com,Female,2/18/1946,540101.57
389,Hannah,Spain-Gower,hspaingoweras@prlog.org,Female,5/15/1936,224615.57
390,Florian,Boucher,fboucherat@auda.org.au,Male,3/23/1972,741431.53
391,Annice,Mulkerrins,amulkerrinsau@bloglovin.com,Female,8/29/1992,423194.46
392,Stephani,McJarrow,smcjarrowav@dot.gov,Female,8/10/2017,652928.93
393,Vevay,Bischof,vbischofaw@vk.com,Agender,2/19/2008,67075.54
394,Tobye,Dows,tdowsax@t.co,Female,12/10/1941,588935.87
395,Fawne,Buckles,fbucklesay@google.it,Female,8/27/1968,506534.06
396,Riccardo,Bellson,rbellsonaz@mit.edu,Male,7/31/1997,45436.67
397,Hermine,Mottinelli,hmottinellib0@prlog.org,Genderqueer,9/11/1976,801854.68
398,Deeann,Dumingos,ddumingosb1@forbes.com,Female,3/10/1953,844504.0
399,Osbourn,Robard,orobardb2@joomla.org,Male,9/27/2009,128326.32
400,Erna,Fearnill,efearnillb3@gnu.org,Female,8/17/2000,154014.34
401,Nettle,Heathcott,nheathcottb4@studiopress.com,Female,7/30/1968,340760.46
402,Penn,O'Doogan,podooganb5@princeton.edu,Male,11/18/1941,109415.52
403,Loella,Supple,lsuppleb6@xinhuanet.com,Female,7/22/1999,89106.41
404,Jules,Redsull,jredsullb7@admin.ch,Agender,9/9/1953,92913.57
405,Carlie,Twine,ctwineb8@noaa.gov,Male,9/7/1991,715318.78
406,Brittani,Maclaine,bmaclaineb9@hugedomains.com,Female,7/25/1968,123421.45
407,Alyce,Bielfelt,abielfeltba@thetimes.co.uk,Agender,4/18/1968,952151.21
408,Reine,Mawson,rmawsonbb@theatlantic.com,Female,3/4/1961,576698.4
409,Lesley,Kaygill,lkaygillbc@trellian.com,Male,3/19/1997,896981.62
410,Silvain,Dobby,sdobbybd@myspace.com,Polygender,6/4/2024,421499.78
411,Audrye,Exell,aexellbe@adobe.com,Female,2/28/1987,485669.65
412,Stacie,Campkin,scampkinbf@miitbeian.gov.cn,Female,2/3/1941,353486.32
413,Robbyn,Gleave,rgleavebg@amazon.de,Female,9/9/2002,548372.44
414,Andrew,Imeson,aimesonbh@wikimedia.org,Male,2/20/2023,760593.72
415,Aloisia,Valek,avalekbi@arstechnica.com,Female,9/17/1975,389105.53
416,Goober,Bowser,gbowserbj@i2i.jp,Male,7/10/1952,536459.14
417,Elva,Tivers,etiversbk@addtoany.com,Genderqueer,7/22/1982,411287.53
418,Sashenka,Goodfield,sgoodfieldbl@pagesperso-orange.fr,Female,8/1/1997,975992.42
419,Tanya,Atlee,tatleebm@scientificamerican.com,Female,7/10/1984,541542.48
420,Archy,Briggs,abriggsbn@pen.io,Male,5/2/1971,954065.61
421,Dagny,Blasiak,dblasiakbo@paginegialle.it,Male,9/15/1944,87913.37
422,Normie,Deverall,ndeverallbp@cbslocal.com,Male,8/18/1944,959723.14
423,Megan,Annes,mannesbq@desdev.cn,Female,12/7/1938,989441.41
424,Erin,Nuscha,enuschabr@surveymonkey.com,Male,8/2/2019,253864.22
425,Orsa,Lowerson,olowersonbs@twitpic.com,Female,10/8/2011,839128.91
426,Shurlock,Gossage,sgossagebt@oracle.com,Male,4/25/1953,339091.5
427,Rivalee,O'Dempsey,rodempseybu@ezinearticles.com,Female,9/1/1936,310038.32
428,Murielle,Spondley,mspondleybv@yahoo.co.jp,Female,10/24/2019,103884.12
429,Revkah,Graben,rgrabenbw@forbes.com,Female,8/26/1960,411108.14
430,Lynsey,Cathery,lcatherybx@themeforest.net,Female,11/20/1989,924776.97
431,Yvonne,Klemmt,yklemmtby@networkadvertising.org,Genderfluid,5/6/1959,352024.31
432,Silas,Sedgeworth,ssedgeworthbz@geocities.jp,Male,2/5/1976,557326.8
433,Rickie,Frondt,rfrondtc0@blogs.com,Female,10/7/1979,883696.1
434,Eachelle,Derrett,ederrettc1@google.co.jp,Female,2/2/1936,787449.62
435,Jude,Gabbot,jgabbotc2@eventbrite.com,Male,11/5/1996,6795.4
436,Enrica,Augustus,eaugustusc3@eepurl.com,Female,4/12/2015,533583.37
437,Timmy,Liger,tligerc4@posterous.com,Female,6/20/1982,153378.87
438,Mose,Padfield,mpadfieldc5@vistaprint.com,Male,10/11/2018,931478.63
439,Jethro,Smullin,jsmullinc6@vinaora.com,Male,7/2/1949,288870.64
440,Therine,Stook,tstookc7@toplist.cz,Female,5/1/1977,430146.09
441,Ainslie,McMeeking,amcmeekingc8@google.it,Female,10/13/2020,440541.2
442,Colver,Sibbald,csibbaldc9@bandcamp.com,Male,5/17/1995,316468.58
443,Archy,Prendergrast,aprendergrastca@ebay.co.uk,Male,1/31/1947,811072.75
444,Aline,Erie,aeriecb@mayoclinic.com,Female,1/23/1951,426230.22
445,Hildagard,Capron,hcaproncc@blinklist.com,Female,5/1/1992,907789.84
446,Zandra,Lamzed,zlamzedcd@comcast.net,Female,3/30/1961,528901.9
447,Pedro,Balhatchet,pbalhatchetce@cisco.com,Male,11/27/1969,210373.74
448,Ephrem,Iddiens,eiddienscf@issuu.com,Male,12/26/2010,684216.44
449,Natale,Munn,nmunncg@mac.com,Male,8/27/1984,41420.54
450,Park,Altham,palthamch@sogou.com,Male,1/11/1983,611886.48
451,Craggie,Craig,ccraigci@miitbeian.gov.cn,Male,11/27/1962,209251.79
452,Somerset,Bucknall,sbucknallcj@mapy.cz,Male,6/16/2002,955463.72
453,De witt,Misson,dmissonck@jalbum.net,Male,8/8/1996,494259.97
454,Ki,Reboulet,krebouletcl@canalblog.com,Female,11/3/1966,320199.15
455,Atalanta,Dyas,adyascm@multiply.com,Agender,9/29/1974,708828.85
456,Shell,Tartt,starttcn@4shared.com,Female,9/27/1958,982106.99
457,Leighton,Buten,lbutenco@exblog.jp,Male,2/9/2001,979140.73
458,Morlee,Runnett,mrunnettcp@cnbc.com,Male,4/19/1939,710525.78
459,Emelen,Andrzejowski,eandrzejowskicq@a8.net,Male,10/1/2013,304664.66
460,Morton,Yarnall,myarnallcr@census.gov,Male,3/30/1994,795065.39
461,Merwyn,Julian,mjuliancs@godaddy.com,Genderfluid,6/21/1982,223070.78
462,Charmain,Harring,charringct@addtoany.com,Female,6/3/2023,978795.65
463,Alaric,Allmark,aallmarkcu@usnews.com,Male,6/3/1997,177175.65
464,Blinni,Roome,broomecv@uol.com.br,Female,7/16/2012,251744.37
465,Aldous,Geddes,ageddescw@csmonitor.com,Male,6/13/1988,226145.94
466,Burg,Caddick,bcaddickcx@webnode.com,Male,5/17/1958,340506.34
467,Ignacius,Brundle,ibrundlecy@springer.com,Male,11/23/1977,634004.64
468,Bear,Wyon,bwyoncz@zimbio.com,Male,7/19/1973,132426.63
469,Quinn,Idel,qideld0@technorati.com,Bigender,12/13/2008,224334.21
470,Opaline,Rembaud,orembaudd1@51.la,Female,10/19/1946,789322.78
471,Edgard,Etherton,eethertond2@cnbc.com,Male,6/29/1969,416253.69
472,Brenden,Trask,btraskd3@ihg.com,Male,2/1/1969,616168.57
473,Gilberta,Lasty,glastyd4@geocities.jp,Female,4/2/1969,992689.64
474,Brodie,Redborn,bredbornd5@arstechnica.com,Male,1/22/1961,950868.69
475,Cedric,Janny,cjannyd6@xing.com,Male,9/16/1957,582576.18
476,Correy,Alty,caltyd7@slideshare.net,Female,3/20/1941,785118.21
477,Alphard,Hylands,ahylandsd8@unblog.fr,Male,8/1/1962,362577.74
478,Amandi,Harniman,aharnimand9@surveymonkey.com,Female,4/15/1966,638584.0
479,Vera,Matyukon,vmatyukonda@vk.com,Female,5/17/2023,561417.14
480,Zelma,Housbey,zhousbeydb@mozilla.org,Genderqueer,5/29/1961,543460.24
481,Elmer,Hoofe,ehoofedc@theatlantic.com,Male,11/8/1953,72814.14
482,Roanne,Palumbo,rpalumbodd@china.com.cn,Female,11/24/1942,188205.24
483,Rudie,Rielly,rriellyde@rambler.ru,Male,5/21/2015,416175.61
484,Lonnie,Kilmurray,lkilmurraydf@deliciousdays.com,Female,6/5/2012,667701.79
485,Teddie,Shovlin,tshovlindg@chronoengine.com,Male,2/26/1968,844635.9
486,Jereme,Eggins,jegginsdh@live.com,Male,2/2/2004,410935.63
487,Marcelline,Priddle,mpriddledi@stanford.edu,Bigender,7/1/2017,622833.35
488,Hasheem,McFater,hmcfaterdj@jimdo.com,Male,2/12/1942,682191.84
489,Marleen,Phillipson,mphillipsondk@pcworld.com,Female,11/21/1994,612874.32
490,Ari,Glave,aglavedl@nifty.com,Male,12/6/1987,783863.56
491,Merna,McGraw,mmcgrawdm@comcast.net,Female,10/28/1981,912087.8
492,Toiboid,Orwin,torwindn@ning.com,Male,5/8/1971,136136.24
493,Anton,Kopps,akoppsdo@pagesperso-orange.fr,Male,6/13/1984,610404.12
494,Morty,Benjafield,mbenjafielddp@kickstarter.com,Male,10/28/1993,116234.67
495,Sandye,Wheeler,swheelerdq@spiegel.de,Female,8/28/1967,522716.69
496,Phineas,Semple,psempledr@icq.com,Male,3/18/1977,815530.66
497,Emlen,Torrisi,etorrisids@army.mil,Genderqueer,8/13/1977,615900.77
498,Wainwright,Spini,wspinidt@unc.edu,Male,7/2/2009,796815.22
499,Starlene,Bellhouse,sbellhousedu@marriott.com,Female,12/6/1998,900155.32
500,Tova,Stockoe,tstockoedv@examiner.com,Female,1/15/1981,844998.89
501,Raul,Rosenblum,rrosenblumdw@ca.gov,Male,9/4/2017,551205.48
502,Aldin,Hiland,ahilanddx@ameblo.jp,Male,12/18/1999,752243.43
503,Sukey,Mardoll,smardolldy@slashdot.org,Female,3/14/1962,793725.17
504,Tymothy,Slidders,tsliddersdz@java.com,Male,7/23/2019,595730.84
505,Marcelia,Timeby,mtimebye0@g.co,Female,2/18/2009,775299.42
506,Shurlock,Dufer,sdufere1@census.gov,Male,8/2/1945,633281.1
507,Brittney,Baldassi,bbaldassie2@ucoz.ru,Female,8/4/1985,11403.67
508,Lindon,Brunger,lbrungere3@cisco.com,Male,11/19/1952,618364.89
509,Ines,Metzig,imetzige4@noaa.gov,Female,8/17/2005,437139.02
510,Hodge,Covill,hcoville5@phpbb.com,Male,6/21/1988,566055.22
511,Crysta,Purton,cpurtone6@bing.com,Female,10/25/1948,449388.41
512,Yardley,O' Faherty,yofahertye7@about.com,Male,4/15/1937,657575.98
513,Rosanna,Hanney,rhanneye8@fastcompany.com,Female,7/16/1934,740222.09
514,Lewiss,Panswick,lpanswicke9@pagesperso-orange.fr,Male,10/17/1944,504323.74
515,Henriette,Dundredge,hdundredgeea@sun.com,Female,7/16/1941,870330.23
516,Mariel,Eyers,meyerseb@geocities.jp,Female,7/9/2014,345574.88
517,Archibald,Drogan,adroganec@meetup.com,Male,7/1/2017,652266.27
518,Maura,Eastbrook,meastbrooked@parallels.com,Female,4/1/1991,158731.95
519,Kari,Semper,ksemperee@forbes.com,Female,5/23/2013,225769.07
520,Stella,MacCostye,smaccostyeef@desdev.cn,Agender,5/6/1969,654420.08
521,Regen,Folger,rfolgereg@who.int,Male,11/25/1991,196035.27
522,Adoree,Sline,aslineeh@reddit.com,Female,9/5/2014,590773.29
523,Heather,Giroldo,hgiroldoei@ning.com,Female,10/28/1934,56604.03
524,Benyamin,Clardge,bclardgeej@fda.gov,Male,11/1/2023,935941.75
525,Bea,Gilli,bgilliek@fc2.com,Female,11/14/1987,31922.88
526,Darbie,Davion,ddavionel@hibu.com,Female,8/31/1980,254154.86
527,Annabela,Manuel,amanuelem@mapy.cz,Female,4/7/2011,845752.54
528,Ive,Leeuwerink,ileeuwerinken@chronoengine.com,Polygender,9/9/1941,357837.72
529,Shay,Ballintyne,sballintyneeo@ucsd.edu,Female,2/25/1955,467060.16
530,Vikki,Snar,vsnarep@rambler.ru,Bigender,2/10/1942,497141.25
531,Alina,Verrick,averrickeq@loc.gov,Female,6/21/1953,712599.17
532,Rupert,Grazier,rgrazierer@biglobe.ne.jp,Male,5/15/2024,111241.77
533,Karylin,Holborn,kholbornes@google.es,Female,7/10/1985,701833.26
534,Sinclare,Davidow,sdavidowet@ihg.com,Male,5/29/1993,794174.85
535,Ealasaid,Kinder,ekindereu@stanford.edu,Female,4/23/1950,642472.11
536,Brenna,Petrelli,bpetrelliev@spotify.com,Female,12/27/2010,911929.88
537,Sol,Pirt,spirtew@intel.com,Male,10/24/2016,14692.67
538,Granny,Stickens,gstickensex@webs.com,Male,6/10/1973,285524.43
539,Osmond,Peres,operesey@spotify.com,Male,3/18/1968,227215.5
540,Jarid,Courtes,jcourtesez@simplemachines.org,Male,1/25/1950,628492.12
541,Jillana,Gready,jgreadyf0@whitehouse.gov,Female,7/1/1971,118875.09
542,Arri,McAlinden,amcalindenf1@eventbrite.com,Male,8/30/2018,506924.81
543,Rocky,Lulham,rlulhamf2@blogs.com,Male,6/15/1996,301802.62
544,Tomlin,Isack,tisackf3@who.int,Male,4/30/1951,599225.37
545,Em,Mankor,emankorf4@admin.ch,Female,10/9/1961,707453.3
546,Harper,Lennox,hlennoxf5@homestead.com,Male,11/2/1993,86920.86
547,Stacee,Forestel,sforestelf6@opera.com,Female,2/27/1994,465392.96
548,Fredrika,Brownfield,fbrownfieldf7@nature.com,Female,1/27/1955,214725.49
549,Sherwood,Del Checolo,sdelchecolof8@blogspot.com,Male,5/4/1993,620225.57
550,Kania,Blazey,kblazeyf9@cdc.gov,Female,10/21/1977,738303.86
551,Florenza,Fellows,ffellowsfa@csmonitor.com,Female,10/7/2013,882455.36
552,Myer,Aleksahkin,maleksahkinfb@examiner.com,Male,7/31/1943,880268.02
553,Philip,Capnerhurst,pcapnerhurstfc@hatena.ne.jp,Polygender,4/18/1939,494415.44
554,Allen,Simond,asimondfd@dion.ne.jp,Male,10/30/2023,538183.18
555,Roanna,Ondricek,rondricekfe@scientificamerican.com,Female,8/7/1945,875698.5
556,Layton,Sywell,lsywellff@opera.com,Male,2/4/1950,701258.96
557,Maddie,Vance,mvancefg@artisteer.com,Female,6/3/1939,324397.55
558,Evvy,Alderwick,ealderwickfh@java.com,Female,10/10/2007,686106.6
559,Hannah,Chuck,hchuckfi@quantcast.com,Female,8/13/1949,932307.32
560,Maximilianus,Bucklan,mbucklanfj@unblog.fr,Male,11/6/2009,810403.82
561,Francesca,Conechie,fconechiefk@weibo.com,Agender,10/12/1952,225087.54
562,Burgess,Fortin,bfortinfl@dailymotion.com,Genderqueer,12/24/1997,621212.95
563,Donaugh,Kesper,dkesperfm@toplist.cz,Male,3/15/2022,82419.52
564,Carl,Gritland,cgritlandfn@angelfire.com,Genderqueer,6/23/1967,873298.28
565,Winifield,Cross,wcrossfo@nyu.edu,Male,10/4/1976,463742.17
566,Rolf,Wankling,rwanklingfp@dmoz.org,Male,4/25/2017,213785.6
567,Gusty,Goodlake,ggoodlakefq@cyberchimps.com,Non-binary,10/4/2019,794777.99
568,Devora,Wylam,dwylamfr@telegraph.co.uk,Female,3/24/1990,545182.1
569,Kimmi,McMurty,kmcmurtyfs@accuweather.com,Female,11/9/1992,767093.98
570,Antonin,Fanstone,afanstoneft@independent.co.uk,Male,8/25/2017,558041.68
571,Joelie,Linfitt,jlinfittfu@creativecommons.org,Female,6/2/1993,622407.58
572,Brennan,Simukov,bsimukovfv@icio.us,Male,5/19/2009,546449.4
573,Imojean,Catteroll,icatterollfw@smugmug.com,Polygender,7/20/1976,122568.43
574,Solly,Rosander,srosanderfx@list-manage.com,Male,7/3/1946,321009.38
575,Whit,Straine,wstrainefy@wufoo.com,Male,8/24/1954,267637.51
576,Roxi,Bramo,rbramofz@hostgator.com,Female,2/24/1995,718104.02
577,Maurene,Booker,mbookerg0@cnet.com,Female,2/14/1947,29748.34
578,Cornell,Milington,cmilingtong1@ucsd.edu,Male,8/3/2008,551980.48
579,Celestina,Exelby,cexelbyg2@chron.com,Female,6/16/1998,831106.1
580,Katee,Sedge,ksedgeg3@w3.org,Female,5/26/2006,564358.7
581,Adlai,Leat,aleatg4@rediff.com,Male,11/18/2002,976614.66
582,Gav,Rennebeck,grennebeckg5@ted.com,Male,3/4/1988,962367.17
583,Lorie,Ainscow,lainscowg6@disqus.com,Female,6/16/1998,506905.22
584,Aubrey,Grigorey,agrigoreyg7@jalbum.net,Male,2/21/2005,782890.25
585,Ibrahim,Salaman,isalamang8@ow.ly,Male,11/15/2022,852697.45
586,Waldon,Gray,wgrayg9@apache.org,Male,2/25/1991,657674.54
587,Jard,Gillibrand,jgillibrandga@icio.us,Male,4/26/1958,630415.86
588,Pebrook,Olivetti,polivettigb@washington.edu,Male,4/26/1964,897038.48
589,Romain,Page,rpagegc@bbb.org,Male,7/11/1986,621992.87
590,Udall,Fallis,ufallisgd@opera.com,Male,11/17/1999,777154.17
591,Sumner,Laville,slavillege@newyorker.com,Male,6/17/2006,987110.56
592,Hadlee,Pirdy,hpirdygf@gizmodo.com,Male,3/20/1978,725654.52
593,Katine,Burgum,kburgumgg@arizona.edu,Female,2/28/1946,78439.57
594,Ardyth,Trank,atrankgh@phpbb.com,Female,1/28/1970,349952.71
595,Stu,Rolfs,srolfsgi@angelfire.com,Male,1/10/2001,972509.17
596,Orren,Jerke,ojerkegj@photobucket.com,Male,8/24/1958,274403.9
597,Harry,Rotherham,hrotherhamgk@google.fr,Male,9/6/1957,436347.5
598,Magdalene,Lansdown,mlansdowngl@cyberchimps.com,Female,1/25/2011,116609.79
599,Aleen,Baudou,abaudougm@eepurl.com,Female,6/16/1964,991507.42
600,Wenona,Cavee,wcaveegn@networksolutions.com,Female,7/29/1960,730855.21
601,Wynnie,Mussetti,wmussettigo@livejournal.com,Genderqueer,8/22/1971,889935.82
602,Siana,Stearns,sstearnsgp@wsj.com,Female,2/5/2009,225902.46
603,Edgard,Davidesco,edavidescogq@hatena.ne.jp,Male,5/18/2023,49999.63
604,Kailey,Frizzell,kfrizzellgr@surveymonkey.com,Female,6/2/1951,592643.01
605,Merry,Whild,mwhildgs@hostgator.com,Female,7/17/2013,74962.61
606,Corinna,Liffey,cliffeygt@statcounter.com,Female,12/27/1985,342435.0
607,Perceval,MacNab,pmacnabgu@seattletimes.com,Male,8/25/1959,75203.28
608,Gianna,Anthoney,ganthoneygv@kickstarter.com,Female,2/9/1959,263619.06
609,Elie,McCurry,emccurrygw@rambler.ru,Female,4/24/1985,364411.07
610,Peta,Jurasek,pjurasekgx@wikipedia.org,Female,5/18/1965,698446.25
611,Melvyn,Iacomettii,miacomettiigy@salon.com,Male,2/22/1972,505771.59
612,Janette,Gateshill,jgateshillgz@privacy.gov.au,Female,9/4/2020,955586.16
613,Cecily,Heathcott,cheathcotth0@smugmug.com,Female,4/2/1974,90552.64
614,Trever,Lavalle,tlavalleh1@uiuc.edu,Male,2/23/2021,408464.97
615,Cathyleen,Isakovitch,cisakovitchh2@ameblo.jp,Female,7/4/1958,819378.28
616,Basile,Swinyard,bswinyardh3@google.nl,Male,12/20/1956,55963.12
617,Virginie,Ingleston,vinglestonh4@pcworld.com,Female,4/27/2003,407256.95
618,Iggy,Jindracek,ijindracekh5@earthlink.net,Male,11/22/1934,832469.47
619,Ranique,Massingham,rmassinghamh6@livejournal.com,Female,6/14/1968,529498.21
620,Seumas,Shropsheir,sshropsheirh7@tinyurl.com,Male,8/30/2024,205774.59
621,Leigh,Le Noire,llenoireh8@nydailynews.com,Male,8/17/1980,53008.27
622,Rudolfo,Ramble,rrambleh9@de.vu,Male,10/15/1988,362832.43
623,Laurice,Hoyland,lhoylandha@privacy.gov.au,Female,1/11/2007,657374.18
624,Corbet,Bezzant,cbezzanthb@infoseek.co.jp,Male,5/11/1942,297959.41
625,Ariela,Emnoney,aemnoneyhc@miibeian.gov.cn,Female,4/9/1993,885689.95
626,Darlene,Limming,dlimminghd@kickstarter.com,Female,3/6/1997,693603.41
627,Stacee,Lyons,slyonshe@amazon.co.jp,Female,5/25/1952,626330.66
628,Anselma,Westoll,awestollhf@free.fr,Female,3/22/1979,246999.37
629,Concordia,Oliphant,coliphanthg@php.net,Female,4/5/2019,468197.05
630,Dmitri,Gallyhaock,dgallyhaockhh@trellian.com,Male,1/29/1979,561551.43
631,Tobiah,De Andisie,tdeandisiehi@tinyurl.com,Male,6/26/2006,47205.24
632,Kristos,Rojel,krojelhj@discuz.net,Male,7/29/1966,583225.12
633,Hedy,Aldwick,haldwickhk@state.gov,Genderqueer,11/20/1958,420178.04
634,Jacki,Harkins,jharkinshl@intel.com,Polygender,7/6/2007,176633.93
635,Wolfie,Ormshaw,wormshawhm@accuweather.com,Male,9/8/2017,145698.77
636,Byrle,Rochell,brochellhn@sourceforge.net,Male,10/2/2010,68986.67
637,Dennis,Oldis,doldisho@naver.com,Male,5/23/1948,635277.73
638,Pepito,Greenrod,pgreenrodhp@tumblr.com,Non-binary,3/15/1962,227396.73
639,Scarface,Gwilliams,sgwilliamshq@mayoclinic.com,Male,9/13/1969,192808.38
640,Dodi,Vasilyonok,dvasilyonokhr@hhs.gov,Female,6/29/1955,286347.11
641,Faunie,Rabbatts,frabbattshs@cargocollective.com,Female,8/19/1997,876539.72
642,Adolphus,Costa,acostaht@home.pl,Male,6/6/2011,982863.35
643,Romeo,MacNulty,rmacnultyhu@zimbio.com,Male,2/14/1975,880162.33
644,Neille,Hebblewhite,nhebblewhitehv@upenn.edu,Female,1/6/1941,199846.12
645,Paloma,Elis,pelishw@ted.com,Female,3/20/2019,494894.55
646,Glenden,Paddingdon,gpaddingdonhx@devhub.com,Male,10/28/1964,39441.69
647,Louise,Copin,lcopinhy@blogtalkradio.com,Female,8/24/2014,557251.42
648,Slade,Gonnard,sgonnardhz@theguardian.com,Male,1/27/2014,75904.89
649,Gill,MacBain,gmacbaini0@bluehost.com,Male,10/9/1935,298981.44
650,Oby,Hedden,oheddeni1@canalblog.com,Male,8/23/2001,826261.13
651,Christi,Beneteau,cbeneteaui2@mtv.com,Female,8/22/1960,549991.06
652,Wake,Chataignier,wchataignieri3@amazonaws.com,Male,5/13/1963,250363.43
653,Mose,Knight,mknighti4@nymag.com,Male,1/3/1970,740248.61
654,Bertie,Beagley,bbeagleyi5@wikipedia.org,Female,8/7/1986,189803.84
655,Juliane,Udey,judeyi6@goodreads.com,Female,2/2/1967,711281.1
656,Dacy,Matschek,dmatscheki7@google.com.hk,Female,10/22/1951,10041.44
657,Roch,Lody,rlodyi8@craigslist.org,Female,8/17/1987,446952.23
658,Loralyn,Sarle,lsarlei9@blogtalkradio.com,Female,6/6/1936,195609.01
659,Dill,Duggen,dduggenia@stumbleupon.com,Male,6/1/1967,33471.91
660,Edlin,Lacky,elackyib@homestead.com,Male,3/31/2024,595258.94
661,Amerigo,Stanney,astanneyic@vkontakte.ru,Male,7/6/1969,120868.11
662,Yoshiko,Amoss,yamossid@wiley.com,Female,2/10/1939,340594.77
663,Alf,Howarth,ahowarthie@google.com.au,Male,5/14/2000,517184.37
664,Lawrence,Dowling,ldowlingif@posterous.com,Male,8/26/1995,3556.16
665,Pansy,MacNeice,pmacneiceig@usgs.gov,Female,6/16/1987,851509.25
666,Lulita,Bailey,lbaileyih@nhs.uk,Female,11/25/1934,290631.63
667,Constantina,Creaven,ccreavenii@springer.com,Agender,8/19/1998,69964.86
668,Alane,Flintoff,aflintoffij@reuters.com,Female,5/18/1983,198452.19
669,Enrique,Gudeman,egudemanik@marriott.com,Genderfluid,7/6/1976,698589.55
670,Jacintha,Furtado,jfurtadoil@irs.gov,Female,5/23/1940,300805.12
671,Afton,Gammill,agammillim@nyu.edu,Female,1/22/1978,832087.64
672,Claudio,Dilon,cdilonin@state.tx.us,Male,11/27/2021,548683.16
673,Mariejeanne,Timmons,mtimmonsio@barnesandnoble.com,Female,12/4/1984,260358.51
674,Peg,Stanlick,pstanlickip@adobe.com,Polygender,1/17/1935,670935.93
675,Ema,O'Deegan,eodeeganiq@uiuc.edu,Female,5/15/1996,323961.17
676,Peter,Blakeley,pblakeleyir@geocities.jp,Male,6/26/1978,738144.11
677,Pieter,Wilshire,pwilshireis@hubpages.com,Male,9/15/1998,309192.16
678,Yancy,Idale,yidaleit@github.com,Genderfluid,3/22/2005,124074.02
679,Gregory,Bambrough,gbambroughiu@slashdot.org,Male,1/28/1949,78219.98
680,Lodovico,Whetson,lwhetsoniv@ihg.com,Male,5/14/1955,240930.76
681,Franciskus,Gellert,fgellertiw@google.pl,Male,10/9/1963,606143.9
682,Enid,Fillingham,efillinghamix@comcast.net,Female,6/24/1971,222706.95
683,Lillian,Riccardi,lriccardiiy@mashable.com,Female,5/11/1955,916854.83
684,Corbin,Jossel,cjosseliz@google.nl,Male,11/30/1971,260450.62
685,Randie,Rustan,rrustanj0@ycombinator.com,Polygender,12/6/1994,987722.72
686,Theodore,Sheehan,tsheehanj1@businesswire.com,Male,3/11/1959,920585.12
687,Lonee,Andrassy,landrassyj2@privacy.gov.au,Female,8/14/1975,205239.23
688,Duncan,Sherington,dsheringtonj3@ocn.ne.jp,Male,12/14/2017,712697.98
689,Retha,Kimbury,rkimburyj4@tiny.cc,Female,8/16/1934,229908.02
690,Koren,Bernaert,kbernaertj5@washington.edu,Genderqueer,11/25/1977,474955.67
691,Lorne,Rowsell,lrowsellj6@google.es,Agender,11/16/1990,647036.33
692,Tallia,Klass,tklassj7@last.fm,Female,6/14/1937,101039.21
693,Duke,Danilewicz,ddanilewiczj8@privacy.gov.au,Male,8/10/1937,112324.98
694,Nettie,Spawell,nspawellj9@unicef.org,Female,10/17/1997,55402.53
695,Reamonn,McCaughey,rmccaugheyja@mapy.cz,Male,8/31/1995,857530.86
696,Norene,Moxom,nmoxomjb@printfriendly.com,Female,5/9/2014,866982.0
697,Perry,Syvret,psyvretjc@ebay.com,Female,5/3/1968,657275.38
698,Missy,Bolding,mboldingjd@dot.gov,Female,7/9/2008,41974.88
699,Auria,Rielly,ariellyje@mayoclinic.com,Female,12/11/1935,363561.34
700,Dov,Bootell,dbootelljf@harvard.edu,Male,10/19/1940,586634.15
701,Stern,Florentine,sflorentinejg@icio.us,Male,8/9/1957,515526.82
702,Daisy,Brignell,dbrignelljh@imageshack.us,Agender,6/11/2008,859515.18
703,Nicoline,Leyshon,nleyshonji@oaic.gov.au,Female,7/18/1969,189539.79
704,Arny,Gorhardt,agorhardtjj@blinklist.com,Male,4/9/1947,704302.39
705,Elisabeth,Tourle,etourlejk@photobucket.com,Female,5/31/2011,195197.35
706,Corly,Bassingden,cbassingdenjl@goo.gl,Female,10/23/1954,916964.58
707,Kinny,Studdeard,kstuddeardjm@bluehost.com,Male,11/19/1950,139442.88
708,Elita,Bonin,eboninjn@globo.com,Female,8/28/1984,783453.55
709,Mari,Snape,msnapejo@trellian.com,Female,10/18/1950,37499.64
710,Dolley,Fawssett,dfawssettjp@quantcast.com,Female,9/18/1992,53010.09
711,Riccardo,Balazot,rbalazotjq@oracle.com,Male,8/27/1985,50704.74
712,Lorelei,Manhare,lmanharejr@github.com,Female,12/24/2018,114618.82
713,Neville,Sabban,nsabbanjs@wsj.com,Male,7/31/1940,125685.69
714,Aharon,Urch,aurchjt@netvibes.com,Male,11/12/2003,792064.42
715,Georgeta,Broom,gbroomju@miitbeian.gov.cn,Female,12/18/1997,729893.25
716,Robbie,Foster,rfosterjv@foxnews.com,Female,11/29/1962,503939.51
717,Klaus,Mucklow,kmucklowjw@umn.edu,Male,6/10/2017,4199.16
718,Adelaida,Sedgemore,asedgemorejx@dailymail.co.uk,Female,1/21/1941,533401.85
719,Brigid,Pinson,bpinsonjy@slate.com,Female,5/28/1934,825540.8
720,Cate,Kruszelnicki,ckruszelnickijz@slideshare.net,Female,11/5/1946,791433.81
721,Gratiana,Runham,grunhamk0@uiuc.edu,Female,2/13/2015,664621.82
722,Mathew,Duchart,mduchartk1@apple.com,Male,12/17/1996,874895.78
723,Godiva,Tame,gtamek2@thetimes.co.uk,Female,10/9/1941,599605.35
724,Turner,Guiraud,tguiraudk3@com.com,Male,12/26/2023,832912.91
725,Claude,Espinay,cespinayk4@apple.com,Female,2/18/2019,644800.43
726,Barton,Molines,bmolinesk5@moonfruit.com,Male,3/13/1956,589284.19
727,Lothaire,Matveyev,lmatveyevk6@addtoany.com,Male,11/20/1933,309100.95
728,Care,MacAnelley,cmacanelleyk7@tamu.edu,Polygender,2/1/1969,27173.32
729,Rex,Blinde,rblindek8@yahoo.co.jp,Male,8/24/1934,309225.7
730,Evangeline,Thow,ethowk9@altervista.org,Female,10/3/1974,479367.19
731,Dalis,Vickars,dvickarska@army.mil,Male,7/10/1999,865759.12
732,Nataniel,Chase,nchasekb@hexun.com,Male,11/16/2018,950096.06
733,Woodman,Elstow,welstowkc@usnews.com,Male,1/11/1966,12158.19
734,Northrup,Tindle,ntindlekd@ca.gov,Male,3/19/2007,960612.23
735,Hephzibah,Iori,hiorike@blogger.com,Female,11/27/2002,967491.83
736,Robinette,Jan,rjankf@sina.com.cn,Female,1/4/1939,161147.47
737,Giulia,MacKaig,gmackaigkg@facebook.com,Female,10/4/1984,625023.44
738,Eba,Atte-Stone,eattestonekh@tinypic.com,Female,1/3/2015,213279.87
739,Charo,Kobes,ckobeski@tripod.com,Female,8/11/1945,201732.89
740,Lani,Coil,lcoilkj@wufoo.com,Female,5/26/2001,365552.25
741,Rudiger,Irving,rirvingkk@toplist.cz,Male,2/16/2005,506263.03
742,Giselbert,Lasseter,glasseterkl@addtoany.com,Male,7/15/2002,813739.5
743,Kristo,Portail,kportailkm@wikia.com,Male,7/16/1970,152063.18
744,Farleigh,Beausang,fbeausangkn@apple.com,Male,4/20/2001,276997.91
745,Lia,Rudinger,lrudingerko@google.nl,Non-binary,2/20/1937,788433.05
746,Leon,Klagges,lklaggeskp@intel.com,Male,7/3/1935,54907.86
747,Bald,Cassar,bcassarkq@tumblr.com,Male,9/4/1991,271307.68
748,Leela,Casburn,lcasburnkr@myspace.com,Female,3/25/2024,589389.04
749,Glennie,Brogioni,gbrogioniks@squidoo.com,Female,11/8/1975,503496.86
750,Edeline,Mitroshinov,emitroshinovkt@mail.ru,Female,7/21/2007,445108.42
751,Hunfredo,Bockmann,hbockmannku@homestead.com,Male,1/16/1939,588685.18
752,Gamaliel,Rainford,grainfordkv@dyndns.org,Male,6/27/2011,971872.82
753,Bili,Haresnaip,bharesnaipkw@mapy.cz,Female,9/27/1983,393434.59
754,Adorne,Simmell,asimmellkx@dailymail.co.uk,Female,4/15/1960,428098.89
755,Molly,Moseley,mmoseleyky@theglobeandmail.com,Female,6/24/1997,158195.35
756,Dniren,Baxstair,dbaxstairkz@wikispaces.com,Female,8/18/2002,158387.42
757,Ashil,Lune,alunel0@weather.com,Female,3/11/1965,783113.2
758,Bendick,Stickford,bstickfordl1@altervista.org,Male,1/26/1969,819847.39
759,Valentijn,Blaby,vblabyl2@tiny.cc,Male,1/15/1989,790066.14
760,Cristine,Pezey,cpezeyl3@mozilla.org,Agender,7/23/2013,809051.52
761,Deck,Southby,dsouthbyl4@meetup.com,Male,7/29/1995,783453.03
762,Cchaddie,Yanson,cyansonl5@ft.com,Male,8/16/1947,628567.43
763,Ingelbert,Pearson,ipearsonl6@cpanel.net,Male,12/14/2018,215242.56
764,James,Ord,jordl7@npr.org,Male,5/29/1995,883791.34
765,Leif,Zanre,lzanrel8@vimeo.com,Male,9/23/1971,293563.73
766,Joseito,Baudou,jbaudoul9@hhs.gov,Agender,4/19/1985,55514.64
767,Ulrich,Widdecombe,uwiddecombela@wix.com,Male,1/23/2008,944556.33
768,Winthrop,Gonnin,wgonninlb@w3.org,Male,10/24/2010,556341.82
769,Alexis,Bouette,abouettelc@paypal.com,Male,12/7/2010,974593.58
770,Robb,Newick,rnewickld@ifeng.com,Male,7/26/1976,58082.1
771,Boothe,Heffron,bheffronle@goo.ne.jp,Male,8/12/1937,56669.57
772,Skippie,Domange,sdomangelf@surveymonkey.com,Male,1/16/2011,993625.75
773,Dylan,Mallabone,dmallabonelg@zdnet.com,Male,9/3/2006,188679.88
774,Lib,Guerrier,lguerrierlh@admin.ch,Female,10/6/2000,265270.22
775,Gaspar,Hegden,ghegdenli@pagesperso-orange.fr,Male,12/25/1943,142332.28
776,Cate,McCool,cmccoollj@php.net,Female,2/2/1934,613455.19
777,Alikee,Schwandermann,aschwandermannlk@bigcartel.com,Female,7/2/1967,865684.3
778,Broderick,Bramall,bbramallll@disqus.com,Male,9/8/1943,269083.28
779,Verne,Samson,vsamsonlm@jimdo.com,Polygender,11/17/2004,724793.73
780,Miles,Eldershaw,meldershawln@weather.com,Male,2/12/1966,810259.75
781,Paddie,Southernwood,psouthernwoodlo@sciencedaily.com,Male,2/9/2018,369528.47
782,Artemus,Woolfitt,awoolfittlp@friendfeed.com,Male,11/3/1937,378173.72
783,Idalia,Toupe,itoupelq@globo.com,Female,9/19/1984,561699.22
784,Lindi,Aubery,lauberylr@creativecommons.org,Female,9/30/1972,22599.5
785,Carmencita,Maw,cmawls@imgur.com,Female,2/27/1995,459950.33
786,Cathrin,Spendley,cspendleylt@1688.com,Female,10/24/1968,362060.17
787,Bradford,Dunlop,bdunloplu@opera.com,Male,2/15/2002,805818.81
788,Dottie,MacGovern,dmacgovernlv@artisteer.com,Female,1/9/1972,576320.92
789,Melissa,Pikhno,mpikhnolw@howstuffworks.com,Female,6/17/1980,837712.7
790,Lorilyn,Blandamore,lblandamorelx@amazon.co.jp,Female,6/21/1938,640803.67
791,Victoria,Eastope,veastopely@upenn.edu,Female,5/4/1997,622082.87
792,Rita,Pizzey,rpizzeylz@devhub.com,Female,8/14/2021,137444.97
793,Pet,Giacobbo,pgiacobbom0@domainmarket.com,Female,7/10/2011,513128.82
794,Nissie,Choat,nchoatm1@ovh.net,Female,8/10/1953,587105.83
795,Alex,Scudders,ascuddersm2@bbb.org,Male,3/21/1986,321210.7
796,Em,Gent,egentm3@ameblo.jp,Male,10/24/1941,111632.53
797,Tan,McSharry,tmcsharrym4@uiuc.edu,Male,6/5/1969,978723.29
798,Sayre,Hover,shoverm5@mediafire.com,Male,3/31/1954,985337.73
799,Bryant,Cariss,bcarissm6@freewebs.com,Male,6/7/1967,331704.15
800,Orrin,Fehners,ofehnersm7@cornell.edu,Male,4/26/2003,799948.24
801,Gabriela,Damarell,gdamarellm8@rediff.com,Female,2/20/1941,24209.92
802,Orelle,Watkiss,owatkissm9@last.fm,Female,4/28/1976,139619.33
803,Robinia,Lidgerton,rlidgertonma@ask.com,Female,9/6/1980,842620.51
804,Thomasin,Treker,ttrekermb@un.org,Female,5/5/1968,988604.17
805,Debee,Binne,dbinnemc@free.fr,Female,7/11/1970,348489.25
806,Ginelle,Aleavy,galeavymd@drupal.org,Female,10/19/1978,420089.95
807,Delano,New,dnewme@google.de,Male,7/8/1967,581956.09
808,Adolf,Cobson,acobsonmf@skyrock.com,Male,5/4/1966,629423.67
809,Natale,Esterbrook,nesterbrookmg@techcrunch.com,Male,1/3/2016,406217.91
810,Corny,Cann,ccannmh@unesco.org,Male,10/2/2019,693364.28
811,Ulberto,Axelbey,uaxelbeymi@sfgate.com,Male,3/20/2002,935581.63
812,Melonie,Fulham,mfulhammj@whitehouse.gov,Female,11/21/2015,300546.35
813,Roseann,Everson,reversonmk@un.org,Female,6/21/1954,233406.88
814,Janine,Hammond,jhammondml@reuters.com,Female,3/5/2002,758992.52
815,Marleen,Rojahn,mrojahnmm@uol.com.br,Female,3/31/1986,805604.43
816,Bank,Bottomore,bbottomoremn@yolasite.com,Male,10/29/1950,60307.24
817,Magdaia,Beckenham,mbeckenhammo@zimbio.com,Female,7/16/1945,967816.83
818,Antonina,Mee,ameemp@unc.edu,Female,8/19/2001,626611.95
819,Heath,Buxam,hbuxammq@dagondesign.com,Female,1/3/1960,653403.76
820,Tania,Breslin,tbreslinmr@harvard.edu,Female,6/12/1940,923507.38
821,Kacie,Liddington,kliddingtonms@prnewswire.com,Female,12/5/1965,586378.5
822,Salim,McVanamy,smcvanamymt@usgs.gov,Male,3/18/1954,859400.48
823,Manon,Parks,mparksmu@wiley.com,Female,10/6/2023,801603.71
824,Richie,Wickersham,rwickershammv@harvard.edu,Male,6/7/1945,152606.72
825,Kristal,Potten,kpottenmw@discovery.com,Female,10/5/2007,340257.44
826,Borden,Lammertz,blammertzmx@uol.com.br,Male,1/1/1976,507887.62
827,Shannon,Leak,sleakmy@altervista.org,Male,1/22/2024,40721.93
828,Aguistin,Randerson,arandersonmz@java.com,Male,6/1/1985,103523.36
829,Anthiathia,McIleen,amcileenn0@state.tx.us,Female,1/20/1982,74570.8
830,Jacky,Ewell,jewelln1@slashdot.org,Male,12/19/1944,425969.53
831,Corina,Shynn,cshynnn2@360.cn,Female,5/28/2008,536711.05
832,Codie,Chalker,cchalkern3@smh.com.au,Female,10/8/1954,831149.19
833,Marjorie,Triplett,mtriplettn4@free.fr,Female,5/24/2016,334442.15
834,Denice,Hyam,dhyamn5@senate.gov,Agender,11/9/2007,62438.93
835,Gabie,Borgnet,gborgnetn6@paypal.com,Female,10/9/1977,598050.93
836,Edna,Dencs,edencsn7@msu.edu,Genderfluid,12/3/2008,781031.69
837,Randie,Harlock,rharlockn8@amazon.com,Male,4/28/1987,940202.6
838,Shirlene,Ponde,sponden9@behance.net,Female,9/14/2004,226973.13
839,Lilith,Southernwood,lsouthernwoodna@omniture.com,Female,7/19/2001,277157.18
840,Wileen,Luesley,wluesleynb@techcrunch.com,Female,3/20/1964,18677.06
841,Tammara,Leipoldt,tleipoldtnc@ifeng.com,Female,8/29/2006,410777.98
842,Chicky,Swiffen,cswiffennd@go.com,Genderqueer,10/14/1996,408082.54
843,Victor,Mogford,vmogfordne@java.com,Male,1/26/1945,857775.55
844,Irv,Harlowe,iharlowenf@aol.com,Male,5/17/1951,136956.56
845,Cayla,Horley,chorleyng@hao123.com,Female,3/31/1935,888024.56
846,Tiena,Attridge,tattridgenh@reuters.com,Female,3/14/1961,526522.91
847,Had,Chalice,hchaliceni@nifty.com,Male,6/4/1939,492644.32
848,Kenyon,Harford,kharfordnj@domainmarket.com,Male,9/23/1937,71904.69
849,Syman,Tal,stalnk@jimdo.com,Male,5/22/1997,661525.37
850,Adamo,Aiskrigg,aaiskriggnl@apache.org,Male,6/15/1966,147730.55
851,Fairfax,Jovasevic,fjovasevicnm@lycos.com,Male,12/21/1979,437993.62
852,Idaline,Verni,iverninn@vistaprint.com,Female,4/26/1964,969936.58
853,Sayers,Crownshaw,scrownshawno@bizjournals.com,Male,11/3/1946,999883.47
854,Lizbeth,Colebourne,lcolebournenp@dailymotion.com,Female,3/21/2000,31218.65
855,Otha,Feechan,ofeechannq@bloglovin.com,Female,2/5/1980,793945.91
856,Frederich,Pittendreigh,fpittendreighnr@nationalgeographic.com,Male,7/26/2009,417789.98
857,Odell,Pointing,opointingns@answers.com,Male,8/6/1936,687525.31
858,Gan,Kidner,gkidnernt@macromedia.com,Male,4/8/1957,396554.48
859,Rebbecca,Tapson,rtapsonnu@geocities.com,Genderfluid,3/4/1936,272780.65
860,Dom,Dendle,ddendlenv@oakley.com,Male,9/7/1961,421671.44
861,Ambrosius,Stendall,astendallnw@nyu.edu,Male,8/15/1990,748414.43
862,Shepperd,Knifton,skniftonnx@wordpress.com,Male,6/4/2003,121285.79
863,Kin,Zealander,kzealanderny@google.de,Male,5/5/1961,367718.51
864,Wendeline,Haverson,whaversonnz@feedburner.com,Female,8/2/1967,607752.86
865,Natalina,Sides,nsideso0@cnbc.com,Female,4/12/1957,13767.08
866,Brigg,Oosthout de Vree,boosthoutdevreeo1@umn.edu,Male,8/22/1938,347946.5
867,Andeee,Desantis,adesantiso2@usda.gov,Female,9/4/2021,203966.9
868,Base,Jermyn,bjermyno3@intel.com,Male,3/6/1951,638383.71
869,Dunc,Malitrott,dmalitrotto4@mlb.com,Male,11/19/1987,856416.74
870,Ardisj,Craze,acrazeo5@statcounter.com,Female,8/4/2014,572474.59
871,Ram,Fairs,rfairso6@de.vu,Male,8/12/1996,592592.57
872,Jay,Yanov,jyanovo7@webnode.com,Male,4/6/2010,3002.68
873,Rodger,Spino,rspinoo8@deliciousdays.com,Male,3/30/1951,374677.8
874,Patrizius,Winnett,pwinnetto9@t-online.de,Male,6/25/1941,503317.96
875,Lacey,Brophy,lbrophyoa@howstuffworks.com,Female,9/5/1991,642812.3
876,Timoteo,Llewellyn,tllewellynob@tiny.cc,Male,5/14/1979,49591.4
877,Elbertine,Di Boldi,ediboldioc@hexun.com,Female,3/1/1981,328650.05
878,Nikaniki,Passion,npassionod@webnode.com,Female,4/2/1998,353442.6
879,Ax,Dekeyser,adekeyseroe@drupal.org,Agender,1/17/2014,219834.37
880,Frannie,Pittway,fpittwayof@webnode.com,Female,6/13/1996,243700.44
881,Esmaria,Zannolli,ezannolliog@amazon.de,Female,3/31/1984,435211.15
882,Constancy,Tetley,ctetleyoh@smugmug.com,Female,8/7/1941,77237.81
883,Herta,Rolf,hrolfoi@businessweek.com,Female,5/10/1960,799338.23
884,Lawry,Eles,lelesoj@yandex.ru,Male,2/6/1944,695813.29
885,Lida,Burkinshaw,lburkinshawok@so-net.ne.jp,Female,2/15/1968,909743.59
886,Dionysus,Ruppert,druppertol@upenn.edu,Male,8/20/1952,807737.37
887,Willabella,McGenn,wmcgennom@smugmug.com,Female,6/4/1990,633548.66
888,Neysa,Morteo,nmorteoon@usa.gov,Female,7/13/1961,896353.13
889,Diena,Himsworth,dhimsworthoo@un.org,Female,7/5/2006,641597.3
890,Orlando,Lillow,olillowop@mysql.com,Male,2/23/1949,564142.53
891,Brenden,Matuszewski,bmatuszewskioq@google.nl,Male,9/6/1965,946884.89
892,Debee,Oneal,donealor@livejournal.com,Female,6/26/2004,729658.31
893,Crissie,De Gouy,cdegouyos@vkontakte.ru,Female,3/4/1978,693337.12
894,Morley,Coggins,mcogginsot@weebly.com,Male,3/22/1988,961220.8
895,Westley,Jolliss,wjollissou@instagram.com,Genderqueer,7/23/2014,746975.81
896,Casi,Whylie,cwhylieov@dot.gov,Female,7/20/1937,348226.21
897,Symon,Fencott,sfencottow@themeforest.net,Male,10/2/1964,612170.2
898,Wainwright,Haskett,whaskettox@va.gov,Male,4/3/1985,423995.17
899,Maxim,Father,mfatheroy@elpais.com,Male,8/6/1998,979259.88
900,Avram,Whitsey,awhitseyoz@gravatar.com,Male,12/5/2013,432524.11
901,Vernor,Ettridge,vettridgep0@webmd.com,Male,9/27/2013,459299.36
902,Abram,Giacopazzi,agiacopazzip1@reuters.com,Male,6/22/1975,64123.48
903,Odell,Longea,olongeap2@fema.gov,Male,10/25/1960,887563.28
904,Cori,MacPeake,cmacpeakep3@biglobe.ne.jp,Male,6/7/1975,261787.92
905,Sutherlan,Saffill,ssaffillp4@studiopress.com,Male,9/16/1966,672776.96
906,Rabi,Ranyard,rranyardp5@guardian.co.uk,Male,9/28/1967,498177.04
907,Hunfredo,Petasch,hpetaschp6@abc.net.au,Male,11/4/1937,287344.69
908,Lodovico,Vanshin,lvanshinp7@redcross.org,Male,1/12/1988,786472.28
909,Noel,Attard,nattardp8@bravesites.com,Male,3/9/1959,991185.99
910,Guthrey,Gwyn,ggwynp9@soup.io,Male,3/10/1988,748136.78
911,Gasper,Olliff,golliffpa@blogs.com,Male,6/6/2006,215092.07
912,Packston,Burtt,pburttpb@ucoz.com,Male,2/15/1988,686097.82
913,Rosalind,Weber,rweberpc@friendfeed.com,Genderqueer,2/23/1968,132587.26
914,Michaelina,Handscombe,mhandscombepd@google.nl,Female,11/10/2003,547313.0
915,Chevalier,Mossop,cmossoppe@desdev.cn,Male,1/24/2012,224285.68
916,Garwin,Town,gtownpf@people.com.cn,Male,2/26/2017,597084.48
917,Vite,Daymond,vdaymondpg@seattletimes.com,Male,7/9/1967,875181.02
918,Briney,Pifford,bpiffordph@chicagotribune.com,Female,7/17/1974,922631.27
919,Rorke,Gomez,rgomezpi@phoca.cz,Bigender,12/24/1951,941996.26
920,Devan,Kauffman,dkauffmanpj@walmart.com,Female,4/27/1961,515338.51
921,Ferd,Scorey,fscoreypk@sfgate.com,Male,10/9/1992,232038.8
922,Carleton,McIlwraith,cmcilwraithpl@cyberchimps.com,Male,3/27/2007,396135.47
923,Carlin,Dinneen,cdinneenpm@yale.edu,Male,1/7/1970,471750.53
924,Saloma,Gerrelt,sgerreltpn@instagram.com,Female,4/21/1987,802294.01
925,Tiler,Jelkes,tjelkespo@wisc.edu,Male,3/5/1965,711575.29
926,Monro,Hattoe,mhattoepp@youtube.com,Male,5/6/1991,649463.87
927,Rodrigo,Kase,rkasepq@mapy.cz,Male,5/25/1981,676843.08
928,Casper,Whitelock,cwhitelockpr@artisteer.com,Male,11/16/2016,708091.21
929,Rafael,Parbrook,rparbrookps@salon.com,Male,9/1/2014,742369.06
930,Ronnie,Shipton,rshiptonpt@friendfeed.com,Female,12/26/1997,808422.65
931,Gayle,Stuttman,gstuttmanpu@facebook.com,Male,10/27/2020,670380.47
932,Emmalynn,Kleanthous,ekleanthouspv@army.mil,Female,1/16/1980,401517.9
933,Wiley,Arundell,warundellpw@state.tx.us,Male,10/5/2007,873729.98
934,Thibaud,Wallis,twallispx@auda.org.au,Male,11/15/1975,639235.06
935,Bogey,Braghini,bbraghinipy@amazon.co.uk,Male,8/16/2015,210323.51
936,Pauline,Deport,pdeportpz@uol.com.br,Female,3/7/2013,492624.49
937,Consuelo,Madre,cmadreq0@ezinearticles.com,Female,7/25/1954,927201.35
938,Panchito,McKissack,pmckissackq1@go.com,Polygender,11/19/2020,215963.53
939,Casper,Assiratti,cassirattiq2@networkadvertising.org,Genderfluid,3/27/2005,455555.28
940,Evin,Rumens,erumensq3@wordpress.org,Male,3/22/1958,358924.78
941,Andriana,De L'Isle,adelisleq4@imgur.com,Female,1/30/2012,608375.69
942,Hurley,Warhurst,hwarhurstq5@nih.gov,Male,5/22/1979,530131.61
943,Haskell,Boak,hboakq6@sourceforge.net,Male,11/1/1947,297487.96
944,Katherina,Rubery,kruberyq7@ifeng.com,Female,8/2/2022,301365.29
945,Valerye,Mapples,vmapplesq8@reverbnation.com,Female,12/6/1977,962343.05
946,Cirstoforo,Breslane,cbreslaneq9@pcworld.com,Male,8/22/1953,776623.76
947,Giselbert,Hudspith,ghudspithqa@seattletimes.com,Male,9/9/2019,898053.73
948,Marcy,Lawlance,mlawlanceqb@businessinsider.com,Female,5/9/1973,655471.2
949,Linnea,Youngs,lyoungsqc@angelfire.com,Female,2/24/1963,89393.13
950,Willie,Worthing,wworthingqd@fastcompany.com,Male,6/3/1979,468231.5
951,Rivkah,Rumens,rrumensqe@mapy.cz,Genderqueer,11/1/1960,542852.75
952,Caroljean,Vurley,cvurleyqf@nifty.com,Female,3/7/2001,533561.82
953,Zacherie,Paulley,zpaulleyqg@netscape.com,Male,3/13/1944,907381.9
954,Kippie,Slogrove,kslogroveqh@rediff.com,Female,11/21/2013,393770.2
955,Dorolice,Gilardoni,dgilardoniqi@gmpg.org,Female,11/27/1985,672440.43
956,Grady,Fabbro,gfabbroqj@github.com,Male,9/22/2014,502956.45
957,Sophie,Clynmans,sclynmansqk@twitter.com,Female,7/19/1996,958245.76
958,Sigismond,Philimore,sphilimoreql@sciencedaily.com,Male,8/11/1991,433478.95
959,Erny,Goodlake,egoodlakeqm@cbc.ca,Male,7/30/1958,623896.39
960,Eadmund,MacVanamy,emacvanamyqn@ihg.com,Male,11/16/1970,62953.77
961,Monika,Emig,memigqo@woothemes.com,Genderqueer,9/18/1970,679747.82
962,Cynthea,Shackleford,cshacklefordqp@craigslist.org,Female,8/9/1956,620876.31
963,Oswell,Beauman,obeaumanqq@issuu.com,Male,11/20/1977,780509.38
964,Hans,Canfer,hcanferqr@sciencedaily.com,Male,6/15/1977,934594.26
965,Pernell,Brasner,pbrasnerqs@weibo.com,Male,9/6/2011,836191.55
966,Maxine,Twitty,mtwittyqt@state.tx.us,Female,12/15/1970,491470.17
967,Ofilia,Wewell,owewellqu@thetimes.co.uk,Female,11/24/1999,588758.79
968,Nonah,MacMaykin,nmacmaykinqv@prlog.org,Genderqueer,12/10/1965,665017.07
969,Liuka,Castiglio,lcastiglioqw@bbc.co.uk,Female,3/13/1957,230548.09
970,Milka,Havick,mhavickqx@auda.org.au,Female,8/23/1987,173777.23
971,Ramsay,Bastie,rbastieqy@mozilla.com,Male,7/9/1960,488126.93
972,Rockwell,Bruhn,rbruhnqz@prlog.org,Male,9/2/1977,956586.72
973,Deck,Greenacre,dgreenacrer0@dedecms.com,Male,9/10/2012,602373.62
974,Ardella,Vela,avelar1@e-recht24.de,Female,7/30/1964,444628.18
975,Nev,Pilipets,npilipetsr2@1und1.de,Male,12/26/1976,659231.17
976,Egbert,Cooksey,ecookseyr3@google.com,Polygender,3/23/1976,462312.69
977,Christiana,LAbbet,clabbetr4@imdb.com,Female,2/6/1943,815469.97
978,Nanice,Tabary,ntabaryr5@chicagotribune.com,Female,11/27/1952,43659.15
979,Vassily,Melbert,vmelbertr6@exblog.jp,Male,8/5/1972,997927.31
980,Roxy,Jaycox,rjaycoxr7@mac.com,Female,5/18/1934,995063.14
981,Kerrie,Turmel,kturmelr8@hugedomains.com,Female,11/4/1992,173405.99
982,Taber,Woliter,twoliterr9@hhs.gov,Male,3/20/2010,607527.72
983,Shanon,Paoli,spaolira@mapy.cz,Female,9/8/1982,630152.34
984,Lucius,Longbottom,llongbottomrb@reference.com,Male,4/18/1990,58990.97
985,Grenville,Delouch,gdelouchrc@privacy.gov.au,Male,3/1/1979,306983.85
986,Redd,Pischoff,rpischoffrd@photobucket.com,Male,10/23/1938,191448.07
987,Fields,Scotfurth,fscotfurthre@japanpost.jp,Male,8/24/2024,821312.33
988,Sig,Greswell,sgreswellrf@xing.com,Male,12/1/1968,731718.36
989,Del,Cremen,dcremenrg@creativecommons.org,Genderqueer,1/26/1973,941008.76
990,Giselbert,Gosdin,ggosdinrh@istockphoto.com,Male,12/7/2008,44665.33
991,Eddy,Tomkiss,etomkissri@chicagotribune.com,Female,7/24/1952,240329.78
992,Maribeth,Gegay,mgegayrj@umn.edu,Female,12/6/1935,695374.88
993,Bale,Imrie,bimrierk@icq.com,Male,10/13/1978,794337.17
994,Sherlocke,Antonov,santonovrl@wiley.com,Male,5/4/2002,709705.93
995,Hank,Dearness,hdearnessrm@rambler.ru,Male,11/13/2012,844150.39
996,Morie,Calbert,mcalbertrn@webmd.com,Male,8/29/2008,65825.49
997,Celisse,Wylder,cwylderro@tumblr.com,Female,2/17/1965,306961.15
998,Wakefield,Timlin,wtimlinrp@nih.gov,Non-binary,4/20/2014,536593.7
999,Renie,Puckring,rpuckringrq@unc.edu,Female,4/13/1935,569233.61
1000,Terri-jo,Arlidge,tarlidgerr@simplemachines.org,Female,1/9/1982,220082.65
